2025-10-27T00:42:24.731261+00:00,DEBUG,Current price for FILUSD: 1.656,fil_usd_buy_26,FILUSD,1.656
2025-10-27T00:42:24.731518+00:00,DEBUG,Current price for NEARUSD: 2.382,near_usd_buy_30,NEARUSD,2.382
2025-10-27T00:42:24.731771+00:00,DEBUG,Current price for MEMEUSD: 0.001739,meme_usd_buy_36,MEMEUSD,0.001739
2025-10-27T00:42:24.732050+00:00,DEBUG,Current price for POPCATUSD: 0.1648,popcat_usd_buy_44,POPCATUSD,0.1648
2025-10-27T00:42:24.732302+00:00,DEBUG,Current price for SUPERUSD: 0.416,super_usd_buy_56,SUPERUSD,0.416
2025-10-27T00:42:24.732555+00:00,DEBUG,Current price for XETHZUSD: 4178.77,eth_usd_sell_20251027_1,XETHZUSD,4178.77
2025-10-27T00:42:24.732838+00:00,DEBUG,Current price for XETHZUSD: 4178.77,eth_usd_buy_20251027_2,XETHZUSD,4178.77
2025-10-27T00:42:24.733101+00:00,DEBUG,Current price for SOLUSD: 202.86,sol_usd_sell_20251027_3,SOLUSD,202.86
2025-10-27T00:42:24.733351+00:00,DEBUG,Current price for SOLUSD: 202.86,sol_usd_buy_20251027_4,SOLUSD,202.86
2025-10-27T00:42:24.733600+00:00,DEBUG,Current price for XLTCZUSD: 100.43,ltc_usd_sell_20251027_5,XLTCZUSD,100.43
2025-10-27T00:42:24.733868+00:00,DEBUG,Current price for XLTCZUSD: 100.43,ltc_usd_buy_20251027_6,XLTCZUSD,100.43
2025-10-27T00:42:24.734123+00:00,DEBUG,Current price for XXRPZUSD: 2.65635,xrp_usd_sell_20251027_7,XXRPZUSD,2.65635
2025-10-27T00:42:24.734373+00:00,DEBUG,Current price for XXRPZUSD: 2.65635,xrp_usd_buy_20251027_8,XXRPZUSD,2.65635
2025-10-27T00:42:24.734628+00:00,DEBUG,Current price for XXMRZUSD: 348.13,xmr_usd_sell_20251027_9,XXMRZUSD,348.13
2025-10-27T00:42:24.734903+00:00,DEBUG,Current price for XXMRZUSD: 348.13,xmr_usd_buy_20251027_10,XXMRZUSD,348.13
2025-10-27T00:42:24.735155+00:00,DEBUG,Current price for AAVEUSD: 241.17,aave_usd_sell_20251027_11,AAVEUSD,241.17
2025-10-27T00:42:24.735402+00:00,DEBUG,Current price for AAVEUSD: 241.17,aave_usd_buy_20251027_12,AAVEUSD,241.17
2025-10-27T00:42:24.735650+00:00,DEBUG,Current price for ATOMUSD: 3.2574,atom_usd_sell_20251027_13,ATOMUSD,3.2574
2025-10-27T00:42:24.735919+00:00,DEBUG,Current price for ATOMUSD: 3.2574,atom_usd_buy_20251027_14,ATOMUSD,3.2574
2025-10-27T00:42:24.736170+00:00,DEBUG,Current price for COMPUSD: 38.63,comp_usd_sell_20251027_15,COMPUSD,38.63
2025-10-27T00:42:24.736419+00:00,DEBUG,Current price for COMPUSD: 38.63,comp_usd_buy_20251027_16,COMPUSD,38.63
2025-10-27T00:42:24.736671+00:00,DEBUG,Current price for DYDXUSD: 0.3566,dydx_usd_sell_20251027_17,DYDXUSD,0.3566
2025-10-27T00:42:24.736945+00:00,DEBUG,Current price for DYDXUSD: 0.3566,dydx_usd_buy_20251027_18,DYDXUSD,0.3566
2025-10-27T00:42:24.737197+00:00,DEBUG,Current price for EGLDUSD: 10.03,egld_usd_sell_20251027_19,EGLDUSD,10.03
2025-10-27T00:42:24.737446+00:00,DEBUG,Current price for EGLDUSD: 10.03,egld_usd_buy_20251027_20,EGLDUSD,10.03
2025-10-27T00:42:24.737694+00:00,DEBUG,Current price for ENSUSD: 16.36,ens_usd_sell_20251027_21,ENSUSD,16.36
2025-10-27T00:42:24.737969+00:00,DEBUG,Current price for ENSUSD: 16.36,ens_usd_buy_20251027_22,ENSUSD,16.36
2025-10-27T00:42:24.738216+00:00,DEBUG,Current price for FILUSD: 1.656,fil_usd_sell_20251027_23,FILUSD,1.656
2025-10-27T00:42:24.738459+00:00,DEBUG,Current price for FILUSD: 1.656,fil_usd_buy_20251027_24,FILUSD,1.656
2025-10-27T00:42:24.738706+00:00,DEBUG,Current price for INJUSD: 9.061,inj_usd_sell_20251027_25,INJUSD,9.061
2025-10-27T00:42:24.738977+00:00,DEBUG,Current price for INJUSD: 9.061,inj_usd_buy_20251027_26,INJUSD,9.061
2025-10-27T00:42:24.739254+00:00,DEBUG,Current price for NEARUSD: 2.382,near_usd_sell_20251027_27,NEARUSD,2.382
2025-10-27T00:42:24.739493+00:00,DEBUG,Current price for NEARUSD: 2.382,near_usd_buy_20251027_28,NEARUSD,2.382
2025-10-27T00:42:24.739730+00:00,DEBUG,Current price for BONKUSD: 1.549e-05,bonk_usd_sell_20251027_29,BONKUSD,1.549e-05
2025-10-27T00:42:24.740002+00:00,DEBUG,Current price for BONKUSD: 1.549e-05,bonk_usd_buy_20251027_30,BONKUSD,1.549e-05
2025-10-27T00:42:24.740246+00:00,DEBUG,Current price for DOGSUSD: 5.96e-05,doge_usd_sell_20251027_31,DOGSUSD,5.96e-05
2025-10-27T00:42:24.740486+00:00,DEBUG,Current price for DOGSUSD: 5.96e-05,doge_usd_buy_20251027_32,DOGSUSD,5.96e-05
2025-10-27T00:42:24.740726+00:00,DEBUG,Current price for MEMEUSD: 0.001739,meme_usd_sell_20251027_33,MEMEUSD,0.001739
2025-10-27T00:42:24.740993+00:00,DEBUG,Current price for MEMEUSD: 0.001739,meme_usd_buy_20251027_34,MEMEUSD,0.001739
2025-10-27T00:42:24.741234+00:00,DEBUG,Current price for MEWUSD: 0.001998,mew_usd_sell_20251027_35,MEWUSD,0.001998
2025-10-27T00:42:24.741470+00:00,DEBUG,Current price for MEWUSD: 0.001998,mew_usd_buy_20251027_36,MEWUSD,0.001998
2025-10-27T00:42:24.741709+00:00,DEBUG,Current price for PEPEUSD: 7.37e-06,pepe_usd_sell_20251027_37,PEPEUSD,7.37e-06
2025-10-27T00:42:24.741977+00:00,DEBUG,Current price for PEPEUSD: 7.37e-06,pepe_usd_buy_20251027_38,PEPEUSD,7.37e-06
2025-10-27T00:42:24.742217+00:00,DEBUG,Current price for PONKEUSD: 0.06726,ponke_usd_sell_20251027_39,PONKEUSD,0.06726
2025-10-27T00:42:24.742456+00:00,DEBUG,Current price for PONKEUSD: 0.06726,ponke_usd_buy_20251027_40,PONKEUSD,0.06726
2025-10-27T00:42:24.742692+00:00,DEBUG,Current price for POPCATUSD: 0.1648,popcat_usd_sell_20251027_41,POPCATUSD,0.1648
2025-10-27T00:42:24.742963+00:00,DEBUG,Current price for POPCATUSD: 0.1648,popcat_usd_buy_20251027_42,POPCATUSD,0.1648
2025-10-27T00:42:24.743202+00:00,DEBUG,Current price for TRUMPUSD: 6.28,trump_usd_sell_20251027_43,TRUMPUSD,6.28
2025-10-27T00:42:24.743438+00:00,DEBUG,Current price for TRUMPUSD: 6.28,trump_usd_buy_20251027_44,TRUMPUSD,6.28
2025-10-27T00:42:24.743673+00:00,DEBUG,Current price for ATHUSD: 0.03127,ath_usd_sell_20251027_45,ATHUSD,0.03127
2025-10-27T00:42:24.743940+00:00,DEBUG,Current price for ATHUSD: 0.03127,ath_usd_buy_20251027_46,ATHUSD,0.03127
2025-10-27T00:42:24.744179+00:00,DEBUG,Current price for NANOUSD: 0.709439,nano_usd_sell_20251027_47,NANOUSD,0.709439
2025-10-27T00:42:24.744415+00:00,DEBUG,Current price for NANOUSD: 0.709439,nano_usd_buy_20251027_48,NANOUSD,0.709439
2025-10-27T00:42:24.744651+00:00,DEBUG,Current price for RAYUSD: 1.945,ray_usd_sell_20251027_49,RAYUSD,1.945
2025-10-27T00:42:24.744917+00:00,DEBUG,Current price for RAYUSD: 1.945,ray_usd_buy_20251027_50,RAYUSD,1.945
2025-10-27T00:42:24.745155+00:00,DEBUG,Current price for RENDERUSD: 2.59,render_usd_sell_20251027_51,RENDERUSD,2.59
2025-10-27T00:42:24.745392+00:00,DEBUG,Current price for RENDERUSD: 2.59,render_usd_buy_20251027_52,RENDERUSD,2.59
2025-10-27T00:42:24.745629+00:00,DEBUG,Current price for SUPERUSD: 0.416,super_usd_sell_20251027_53,SUPERUSD,0.416
2025-10-27T00:42:24.745909+00:00,DEBUG,Current price for SUPERUSD: 0.416,super_usd_buy_20251027_54,SUPERUSD,0.416
2025-10-27T00:42:24.746149+00:00,DEBUG,Current price for WALUSD: 0.25963,wal_usd_sell_20251027_55,WALUSD,0.25963
2025-10-27T00:42:24.746385+00:00,DEBUG,Current price for WALUSD: 0.25963,wal_usd_buy_20251027_56,WALUSD,0.25963
2025-10-27T00:42:24.748739+00:00,DEBUG,Saved state for 80 configurations
2025-10-27T00:42:24.749033+00:00,DEBUG,Sleeping for 60 seconds (1s increments)
2025-10-27T00:43:24.766828+00:00,INFO,Processing 65 configurations
2025-10-27T00:43:35.816591+00:00,DEBUG,Current price for XXBTZUSD: 114850.0,btc_usd_buy_2,XXBTZUSD,114850.0
2025-10-27T00:43:35.817056+00:00,DEBUG,Current price for XETHZUSD: 4178.81,eth_usd_buy_4,XETHZUSD,4178.81
2025-10-27T00:43:35.817357+00:00,DEBUG,Current price for ATOMUSD: 3.257,atom_usd_buy_16,ATOMUSD,3.257
2025-10-27T00:43:35.817629+00:00,DEBUG,Current price for DYDXUSD: 0.3566,dydx_usd_buy_20,DYDXUSD,0.3566
2025-10-27T00:43:35.817944+00:00,DEBUG,Current price for FILUSD: 1.656,fil_usd_buy_26,FILUSD,1.656
2025-10-27T00:43:35.818192+00:00,DEBUG,Current price for NEARUSD: 2.382,near_usd_buy_30,NEARUSD,2.382
2025-10-27T00:43:35.818430+00:00,DEBUG,Current price for MEMEUSD: 0.001739,meme_usd_buy_36,MEMEUSD,0.001739
2025-10-27T00:43:35.818666+00:00,DEBUG,Current price for POPCATUSD: 0.1648,popcat_usd_buy_44,POPCATUSD,0.1648
2025-10-27T00:43:35.818933+00:00,DEBUG,Current price for SUPERUSD: 0.416,super_usd_buy_56,SUPERUSD,0.416
2025-10-27T00:43:35.819170+00:00,DEBUG,Current price for XETHZUSD: 4178.81,eth_usd_sell_20251027_1,XETHZUSD,4178.81
2025-10-27T00:43:35.819406+00:00,DEBUG,Current price for XETHZUSD: 4178.81,eth_usd_buy_20251027_2,XETHZUSD,4178.81
2025-10-27T00:43:35.819643+00:00,DEBUG,Current price for SOLUSD: 203.27,sol_usd_sell_20251027_3,SOLUSD,203.27
2025-10-27T00:43:35.819907+00:00,DEBUG,Current price for SOLUSD: 203.27,sol_usd_buy_20251027_4,SOLUSD,203.27
2025-10-27T00:43:35.820142+00:00,DEBUG,Current price for XLTCZUSD: 100.42,ltc_usd_sell_20251027_5,XLTCZUSD,100.42
2025-10-27T00:43:35.820373+00:00,DEBUG,Current price for XLTCZUSD: 100.42,ltc_usd_buy_20251027_6,XLTCZUSD,100.42
2025-10-27T00:43:35.820606+00:00,DEBUG,Current price for XXRPZUSD: 2.65773,xrp_usd_sell_20251027_7,XXRPZUSD,2.65773
2025-10-27T00:43:35.820858+00:00,DEBUG,Current price for XXRPZUSD: 2.65773,xrp_usd_buy_20251027_8,XXRPZUSD,2.65773
2025-10-27T00:43:35.821105+00:00,DEBUG,Current price for XXMRZUSD: 348.13,xmr_usd_sell_20251027_9,XXMRZUSD,348.13
2025-10-27T00:43:35.821340+00:00,DEBUG,Current price for XXMRZUSD: 348.13,xmr_usd_buy_20251027_10,XXMRZUSD,348.13
2025-10-27T00:43:35.821573+00:00,DEBUG,Current price for AAVEUSD: 241.2,aave_usd_sell_20251027_11,AAVEUSD,241.2
2025-10-27T00:43:35.821822+00:00,DEBUG,Current price for AAVEUSD: 241.2,aave_usd_buy_20251027_12,AAVEUSD,241.2
2025-10-27T00:43:35.822069+00:00,DEBUG,Current price for ATOMUSD: 3.257,atom_usd_sell_20251027_13,ATOMUSD,3.257
2025-10-27T00:43:35.822299+00:00,DEBUG,Current price for ATOMUSD: 3.257,atom_usd_buy_20251027_14,ATOMUSD,3.257
2025-10-27T00:43:35.822531+00:00,DEBUG,Current price for COMPUSD: 38.63,comp_usd_sell_20251027_15,COMPUSD,38.63
2025-10-27T00:43:35.822760+00:00,DEBUG,Current price for COMPUSD: 38.63,comp_usd_buy_20251027_16,COMPUSD,38.63
2025-10-27T00:43:35.823039+00:00,DEBUG,Current price for DYDXUSD: 0.3566,dydx_usd_sell_20251027_17,DYDXUSD,0.3566
2025-10-27T00:43:35.823273+00:00,DEBUG,Current price for DYDXUSD: 0.3566,dydx_usd_buy_20251027_18,DYDXUSD,0.3566
2025-10-27T00:43:35.823506+00:00,DEBUG,Current price for EGLDUSD: 10.03,egld_usd_sell_20251027_19,EGLDUSD,10.03
2025-10-27T00:43:35.823739+00:00,DEBUG,Current price for EGLDUSD: 10.03,egld_usd_buy_20251027_20,EGLDUSD,10.03
2025-10-27T00:43:35.824003+00:00,DEBUG,Current price for ENSUSD: 16.36,ens_usd_sell_20251027_21,ENSUSD,16.36
2025-10-27T00:43:35.824235+00:00,DEBUG,Current price for ENSUSD: 16.36,ens_usd_buy_20251027_22,ENSUSD,16.36
2025-10-27T00:43:35.824464+00:00,DEBUG,Current price for FILUSD: 1.656,fil_usd_sell_20251027_23,FILUSD,1.656
2025-10-27T00:43:35.824694+00:00,DEBUG,Current price for FILUSD: 1.656,fil_usd_buy_20251027_24,FILUSD,1.656
2025-10-27T00:43:35.824957+00:00,DEBUG,Current price for INJUSD: 9.061,inj_usd_sell_20251027_25,INJUSD,9.061
2025-10-27T00:43:35.825190+00:00,DEBUG,Current price for INJUSD: 9.061,inj_usd_buy_20251027_26,INJUSD,9.061
2025-10-27T00:43:35.825418+00:00,DEBUG,Current price for NEARUSD: 2.382,near_usd_sell_20251027_27,NEARUSD,2.382
2025-10-27T00:43:35.825647+00:00,DEBUG,Current price for NEARUSD: 2.382,near_usd_buy_20251027_28,NEARUSD,2.382
2025-10-27T00:43:35.825912+00:00,DEBUG,Current price for BONKUSD: 1.5508e-05,bonk_usd_sell_20251027_29,BONKUSD,1.5508e-05
2025-10-27T00:43:35.826153+00:00,DEBUG,Current price for BONKUSD: 1.5508e-05,bonk_usd_buy_20251027_30,BONKUSD,1.5508e-05
2025-10-27T00:43:35.826388+00:00,DEBUG,Current price for DOGSUSD: 5.96e-05,doge_usd_sell_20251027_31,DOGSUSD,5.96e-05
2025-10-27T00:43:35.826644+00:00,DEBUG,Current price for DOGSUSD: 5.96e-05,doge_usd_buy_20251027_32,DOGSUSD,5.96e-05
2025-10-27T00:43:35.826912+00:00,DEBUG,Current price for MEMEUSD: 0.001739,meme_usd_sell_20251027_33,MEMEUSD,0.001739
2025-10-27T00:43:35.827147+00:00,DEBUG,Current price for MEMEUSD: 0.001739,meme_usd_buy_20251027_34,MEMEUSD,0.001739
2025-10-27T00:43:35.827380+00:00,DEBUG,Current price for MEWUSD: 0.001998,mew_usd_sell_20251027_35,MEWUSD,0.001998
2025-10-27T00:43:35.827611+00:00,DEBUG,Current price for MEWUSD: 0.001998,mew_usd_buy_20251027_36,MEWUSD,0.001998
2025-10-27T00:43:35.827860+00:00,DEBUG,Current price for PEPEUSD: 7.371e-06,pepe_usd_sell_20251027_37,PEPEUSD,7.371e-06
2025-10-27T00:43:35.828103+00:00,DEBUG,Current price for PEPEUSD: 7.371e-06,pepe_usd_buy_20251027_38,PEPEUSD,7.371e-06
2025-10-27T00:43:35.828337+00:00,DEBUG,Current price for PONKEUSD: 0.06726,ponke_usd_sell_20251027_39,PONKEUSD,0.06726
2025-10-27T00:43:35.828568+00:00,DEBUG,Current price for PONKEUSD: 0.06726,ponke_usd_buy_20251027_40,PONKEUSD,0.06726
2025-10-27T00:43:35.828815+00:00,DEBUG,Current price for POPCATUSD: 0.1648,popcat_usd_sell_20251027_41,POPCATUSD,0.1648
2025-10-27T00:43:35.829059+00:00,DEBUG,Current price for POPCATUSD: 0.1648,popcat_usd_buy_20251027_42,POPCATUSD,0.1648
2025-10-27T00:43:35.829289+00:00,DEBUG,Current price for TRUMPUSD: 6.28,trump_usd_sell_20251027_43,TRUMPUSD,6.28
2025-10-27T00:43:35.829516+00:00,DEBUG,Current price for TRUMPUSD: 6.28,trump_usd_buy_20251027_44,TRUMPUSD,6.28
2025-10-27T00:43:35.829747+00:00,DEBUG,Current price for ATHUSD: 0.03127,ath_usd_sell_20251027_45,ATHUSD,0.03127
2025-10-27T00:43:35.830013+00:00,DEBUG,Current price for ATHUSD: 0.03127,ath_usd_buy_20251027_46,ATHUSD,0.03127
2025-10-27T00:43:35.830245+00:00,DEBUG,Current price for NANOUSD: 0.709708,nano_usd_sell_20251027_47,NANOUSD,0.709708
2025-10-27T00:43:35.830473+00:00,DEBUG,Current price for NANOUSD: 0.709708,nano_usd_buy_20251027_48,NANOUSD,0.709708
2025-10-27T00:43:35.830704+00:00,DEBUG,Current price for RAYUSD: 1.945,ray_usd_sell_20251027_49,RAYUSD,1.945
2025-10-27T00:43:35.830964+00:00,DEBUG,Current price for RAYUSD: 1.945,ray_usd_buy_20251027_50,RAYUSD,1.945
2025-10-27T00:43:35.831193+00:00,DEBUG,Current price for RENDERUSD: 2.59,render_usd_sell_20251027_51,RENDERUSD,2.59
2025-10-27T00:43:35.831421+00:00,DEBUG,Current price for RENDERUSD: 2.59,render_usd_buy_20251027_52,RENDERUSD,2.59
2025-10-27T00:43:35.831648+00:00,DEBUG,Current price for SUPERUSD: 0.416,super_usd_sell_20251027_53,SUPERUSD,0.416
2025-10-27T00:43:35.831914+00:00,DEBUG,Current price for SUPERUSD: 0.416,super_usd_buy_20251027_54,SUPERUSD,0.416
2025-10-27T00:43:35.832148+00:00,DEBUG,Current price for WALUSD: 0.25963,wal_usd_sell_20251027_55,WALUSD,0.25963
2025-10-27T00:43:35.832374+00:00,DEBUG,Current price for WALUSD: 0.25963,wal_usd_buy_20251027_56,WALUSD,0.25963
2025-10-27T00:43:35.834713+00:00,DEBUG,Saved state for 80 configurations
2025-10-27T00:43:35.834997+00:00,DEBUG,Sleeping for 60 seconds (1s increments)
2025-10-27T00:43:57.574183+00:00,DEBUG,Loaded state for 80 configurations
2025-10-27T00:45:26.636029+00:00,WARNING,Config validation warning [btc_usd_buy_2] volume: Volume is very small (0.000055). This may be below minimum order sizes for some pairs,btc_usd_buy_2,volume
2025-10-27T00:45:26.636479+00:00,WARNING,Config validation warning [meme_usd_buy_36] threshold_price: Threshold price is very small (0.00161845). Please verify this is correct,meme_usd_buy_36,threshold_price
2025-10-27T00:45:26.636807+00:00,WARNING,Config validation warning [meme_usd_buy_36] volume: Volume is very large (3685.49). Please verify this is correct and you have sufficient balance,meme_usd_buy_36,volume
2025-10-27T00:45:26.637105+00:00,WARNING,Config validation warning [eth_usd_sell_20251027_1] threshold_price: Small gap between threshold (4291.41) and current price (4181.08). Gap is 2.63% but trailing offset is 2.00%. Consider a gap of at least 4.0% for best results.,eth_usd_sell_20251027_1,threshold_price
2025-10-27T00:45:26.637428+00:00,WARNING,"Config validation warning [eth_usd_sell_20251027_1] balance: Available XETH (spot+funding): 0.00133986 (Contributors: ETH.F=0.00133986, XETH=0.00000000) â€” insufficient for required volume 0.01000000",eth_usd_sell_20251027_1,balance
2025-10-27T00:45:26.637704+00:00,WARNING,"Config validation warning [eth_usd_sell_20251027_1] volume: Insufficient XETH balance for sell order. Required: 0.01000000, Available: 0.00133986. You can add funds before the order triggers.",eth_usd_sell_20251027_1,volume
2025-10-27T00:45:26.637988+00:00,WARNING,Config validation warning [sol_usd_sell_20251027_3] threshold_price: Small gap between threshold (208.90) and current price (203.19). Gap is 2.81% but trailing offset is 2.00%. Consider a gap of at least 4.0% for best results.,sol_usd_sell_20251027_3,threshold_price
2025-10-27T00:45:26.638243+00:00,WARNING,Config validation warning [ltc_usd_sell_20251027_5] threshold_price: Small gap between threshold (104.30) and current price (100.47). Gap is 3.81% but trailing offset is 2.00%. Consider a gap of at least 4.0% for best results.,ltc_usd_sell_20251027_5,threshold_price
2025-10-27T00:45:26.638494+00:00,WARNING,Config validation warning [aave_usd_sell_20251027_11] threshold_price: Small gap between threshold (249.60) and current price (241.49). Gap is 3.35% but trailing offset is 2.00%. Consider a gap of at least 4.0% for best results.,aave_usd_sell_20251027_11,threshold_price
2025-10-27T00:45:26.638740+00:00,WARNING,Config validation warning [dydx_usd_sell_20251027_17] threshold_price: Small gap between threshold (0.36) and current price (0.35). Gap is 3.28% but trailing offset is 2.00%. Consider a gap of at least 4.0% for best results.,dydx_usd_sell_20251027_17,threshold_price
2025-10-27T00:45:26.639018+00:00,WARNING,Config validation warning [ens_usd_sell_20251027_21] threshold_price: Small gap between threshold (16.98) and current price (16.36). Gap is 3.83% but trailing offset is 2.00%. Consider a gap of at least 4.0% for best results.,ens_usd_sell_20251027_21,threshold_price
2025-10-27T00:45:26.639265+00:00,WARNING,Config validation warning [inj_usd_sell_20251027_25] threshold_price: Small gap between threshold (9.31) and current price (9.06). Gap is 2.84% but trailing offset is 2.00%. Consider a gap of at least 4.0% for best results.,inj_usd_sell_20251027_25,threshold_price
2025-10-27T00:45:26.639507+00:00,WARNING,Config validation warning [near_usd_sell_20251027_27] threshold_price: Small gap between threshold (2.47) and current price (2.38). Gap is 3.71% but trailing offset is 2.00%. Consider a gap of at least 4.0% for best results.,near_usd_sell_20251027_27,threshold_price
2025-10-27T00:45:26.639752+00:00,WARNING,Config validation warning [bonk_usd_sell_20251027_29] threshold_price: Threshold price is very small (0.00001600). Please verify this is correct,bonk_usd_sell_20251027_29,threshold_price
2025-10-27T00:45:26.640022+00:00,WARNING,Config validation warning [bonk_usd_sell_20251027_29] threshold_price: Small gap between threshold (0.00) and current price (0.00). Gap is 3.17% but trailing offset is 2.00%. Consider a gap of at least 4.0% for best results.,bonk_usd_sell_20251027_29,threshold_price
2025-10-27T00:45:26.640265+00:00,WARNING,Config validation warning [bonk_usd_buy_20251027_30] threshold_price: Threshold price is very small (0.00001448). Please verify this is correct,bonk_usd_buy_20251027_30,threshold_price
2025-10-27T00:45:26.640499+00:00,WARNING,Config validation warning [doge_usd_sell_20251027_31] threshold_price: Threshold price is very small (0.00006263). Please verify this is correct,doge_usd_sell_20251027_31,threshold_price
2025-10-27T00:45:26.640734+00:00,WARNING,Config validation warning [doge_usd_buy_20251027_32] threshold_price: Threshold price is very small (0.00005666). Please verify this is correct,doge_usd_buy_20251027_32,threshold_price
2025-10-27T00:45:26.641018+00:00,WARNING,Config validation warning [meme_usd_sell_20251027_33] threshold_price: Threshold price is very small (0.00179400). Please verify this is correct,meme_usd_sell_20251027_33,threshold_price
2025-10-27T00:45:26.641284+00:00,WARNING,Config validation warning [meme_usd_sell_20251027_33] threshold_price: Small gap between threshold (0.00) and current price (0.00). Gap is 3.46% but trailing offset is 2.00%. Consider a gap of at least 4.0% for best results.,meme_usd_sell_20251027_33,threshold_price
2025-10-27T00:45:26.641531+00:00,WARNING,Config validation warning [meme_usd_buy_20251027_34] threshold_price: Threshold price is very small (0.00162314). Please verify this is correct,meme_usd_buy_20251027_34,threshold_price
2025-10-27T00:45:26.641769+00:00,WARNING,Config validation warning [mew_usd_sell_20251027_35] threshold_price: Threshold price is very small (0.00206776). Please verify this is correct,mew_usd_sell_20251027_35,threshold_price
2025-10-27T00:45:26.642040+00:00,WARNING,Config validation warning [mew_usd_sell_20251027_35] threshold_price: Small gap between threshold (0.00) and current price (0.00). Gap is 3.49% but trailing offset is 2.00%. Consider a gap of at least 4.0% for best results.,mew_usd_sell_20251027_35,threshold_price
2025-10-27T00:45:26.642282+00:00,WARNING,Config validation warning [mew_usd_buy_20251027_36] threshold_price: Threshold price is very small (0.00187083). Please verify this is correct,mew_usd_buy_20251027_36,threshold_price
2025-10-27T00:45:26.642517+00:00,WARNING,Config validation warning [pepe_usd_sell_20251027_37] threshold_price: Threshold price is very small (0.00000768). Please verify this is correct,pepe_usd_sell_20251027_37,threshold_price
2025-10-27T00:45:26.642755+00:00,WARNING,Config validation warning [pepe_usd_buy_20251027_38] threshold_price: Threshold price is very small (0.00000694). Please verify this is correct,pepe_usd_buy_20251027_38,threshold_price
2025-10-27T00:45:26.643040+00:00,WARNING,Config validation warning [popcat_usd_sell_20251027_41] threshold_price: Small gap between threshold (0.17) and current price (0.16). Gap is 3.61% but trailing offset is 2.00%. Consider a gap of at least 4.0% for best results.,popcat_usd_sell_20251027_41,threshold_price
2025-10-27T00:45:26.643425+00:00,WARNING,Config validation warning [trump_usd_sell_20251027_43] threshold_price: Small gap between threshold (6.48) and current price (6.28). Gap is 3.23% but trailing offset is 2.00%. Consider a gap of at least 4.0% for best results.,trump_usd_sell_20251027_43,threshold_price
2025-10-27T00:45:26.643691+00:00,WARNING,Config validation warning [ath_usd_sell_20251027_45] threshold_price: Small gap between threshold (0.03) and current price (0.03). Gap is 3.87% but trailing offset is 2.00%. Consider a gap of at least 4.0% for best results.,ath_usd_sell_20251027_45,threshold_price
2025-10-27T00:45:26.643969+00:00,WARNING,Config validation warning [render_usd_sell_20251027_51] threshold_price: Small gap between threshold (2.67) and current price (2.59). Gap is 3.22% but trailing offset is 2.00%. Consider a gap of at least 4.0% for best results.,render_usd_sell_20251027_51,threshold_price
2025-10-27T00:45:26.644216+00:00,WARNING,Config validation warning [super_usd_sell_20251027_53] threshold_price: Small gap between threshold (0.43) and current price (0.41). Gap is 3.63% but trailing offset is 2.00%. Consider a gap of at least 4.0% for best results.,super_usd_sell_20251027_53,threshold_price
2025-10-27T00:45:26.644460+00:00,WARNING,Config validation warning [wal_usd_sell_20251027_55] threshold_price: Small gap between threshold (0.26) and current price (0.25). Gap is 3.22% but trailing offset is 2.00%. Consider a gap of at least 4.0% for best results.,wal_usd_sell_20251027_55,threshold_price
2025-10-27T00:45:28.367110+00:00,INFO,Starting continuous monitoring (interval: 60s)
2025-10-27T00:45:28.367489+00:00,INFO,Processing 64 configurations
2025-10-27T00:45:40.285575+00:00,DEBUG,Current price for XXBTZUSD: 114850.1,btc_usd_buy_2,XXBTZUSD,114850.1
2025-10-27T00:45:40.285709+00:00,DEBUG,Current price for XETHZUSD: 4181.62,eth_usd_buy_4,XETHZUSD,4181.62
2025-10-27T00:45:40.285803+00:00,DEBUG,Current price for ATOMUSD: 3.2598,atom_usd_buy_16,ATOMUSD,3.2598
2025-10-27T00:45:40.285892+00:00,DEBUG,Current price for DYDXUSD: 0.3566,dydx_usd_buy_20,DYDXUSD,0.3566
2025-10-27T00:45:40.285960+00:00,DEBUG,Current price for FILUSD: 1.656,fil_usd_buy_26,FILUSD,1.656
2025-10-27T00:45:40.286025+00:00,DEBUG,Current price for NEARUSD: 2.386,near_usd_buy_30,NEARUSD,2.386
2025-10-27T00:45:40.286090+00:00,DEBUG,Current price for MEMEUSD: 0.001734,meme_usd_buy_36,MEMEUSD,0.001734
2025-10-27T00:45:40.286153+00:00,DEBUG,Current price for POPCATUSD: 0.1648,popcat_usd_buy_44,POPCATUSD,0.1648
2025-10-27T00:45:40.286216+00:00,DEBUG,Current price for SUPERUSD: 0.4253,super_usd_buy_56,SUPERUSD,0.4253
2025-10-27T00:45:40.286279+00:00,DEBUG,Current price for XETHZUSD: 4181.62,eth_usd_sell_20251027_1,XETHZUSD,4181.62
2025-10-27T00:45:40.286341+00:00,DEBUG,Current price for XETHZUSD: 4181.62,eth_usd_buy_20251027_2,XETHZUSD,4181.62
2025-10-27T00:45:40.286403+00:00,DEBUG,Current price for SOLUSD: 202.98,sol_usd_sell_20251027_3,SOLUSD,202.98
2025-10-27T00:45:40.286464+00:00,DEBUG,Current price for SOLUSD: 202.98,sol_usd_buy_20251027_4,SOLUSD,202.98
2025-10-27T00:45:40.286525+00:00,DEBUG,Current price for XLTCZUSD: 100.47,ltc_usd_sell_20251027_5,XLTCZUSD,100.47
2025-10-27T00:45:40.286586+00:00,DEBUG,Current price for XLTCZUSD: 100.47,ltc_usd_buy_20251027_6,XLTCZUSD,100.47
2025-10-27T00:45:40.286647+00:00,DEBUG,Current price for XXRPZUSD: 2.65401,xrp_usd_sell_20251027_7,XXRPZUSD,2.65401
2025-10-27T00:45:40.286709+00:00,DEBUG,Current price for XXRPZUSD: 2.65401,xrp_usd_buy_20251027_8,XXRPZUSD,2.65401
2025-10-27T00:45:40.286770+00:00,DEBUG,Current price for XXMRZUSD: 348.13,xmr_usd_sell_20251027_9,XXMRZUSD,348.13
2025-10-27T00:45:40.286843+00:00,DEBUG,Current price for XXMRZUSD: 348.13,xmr_usd_buy_20251027_10,XXMRZUSD,348.13
2025-10-27T00:45:40.286905+00:00,DEBUG,Current price for AAVEUSD: 241.59,aave_usd_sell_20251027_11,AAVEUSD,241.59
2025-10-27T00:45:40.286966+00:00,DEBUG,Current price for AAVEUSD: 241.59,aave_usd_buy_20251027_12,AAVEUSD,241.59
2025-10-27T00:45:40.287027+00:00,DEBUG,Current price for ATOMUSD: 3.2598,atom_usd_sell_20251027_13,ATOMUSD,3.2598
2025-10-27T00:45:40.287088+00:00,DEBUG,Current price for ATOMUSD: 3.2598,atom_usd_buy_20251027_14,ATOMUSD,3.2598
2025-10-27T00:45:40.287149+00:00,DEBUG,Current price for COMPUSD: 38.63,comp_usd_sell_20251027_15,COMPUSD,38.63
2025-10-27T00:45:40.287210+00:00,DEBUG,Current price for COMPUSD: 38.63,comp_usd_buy_20251027_16,COMPUSD,38.63
2025-10-27T00:45:40.287271+00:00,DEBUG,Current price for DYDXUSD: 0.3566,dydx_usd_sell_20251027_17,DYDXUSD,0.3566
2025-10-27T00:45:40.287332+00:00,DEBUG,Current price for DYDXUSD: 0.3566,dydx_usd_buy_20251027_18,DYDXUSD,0.3566
2025-10-27T00:45:40.287392+00:00,DEBUG,Current price for EGLDUSD: 10.03,egld_usd_sell_20251027_19,EGLDUSD,10.03
2025-10-27T00:45:40.287453+00:00,DEBUG,Current price for EGLDUSD: 10.03,egld_usd_buy_20251027_20,EGLDUSD,10.03
2025-10-27T00:45:40.287514+00:00,DEBUG,Current price for ENSUSD: 16.36,ens_usd_sell_20251027_21,ENSUSD,16.36
2025-10-27T00:45:40.287576+00:00,DEBUG,Current price for ENSUSD: 16.36,ens_usd_buy_20251027_22,ENSUSD,16.36
2025-10-27T00:45:40.287636+00:00,DEBUG,Current price for FILUSD: 1.656,fil_usd_sell_20251027_23,FILUSD,1.656
2025-10-27T00:45:40.287697+00:00,DEBUG,Current price for FILUSD: 1.656,fil_usd_buy_20251027_24,FILUSD,1.656
2025-10-27T00:45:40.287758+00:00,DEBUG,Current price for INJUSD: 9.055,inj_usd_sell_20251027_25,INJUSD,9.055
2025-10-27T00:45:40.287829+00:00,DEBUG,Current price for INJUSD: 9.055,inj_usd_buy_20251027_26,INJUSD,9.055
2025-10-27T00:45:40.287891+00:00,DEBUG,Current price for NEARUSD: 2.386,near_usd_sell_20251027_27,NEARUSD,2.386
2025-10-27T00:45:40.287952+00:00,DEBUG,Current price for NEARUSD: 2.386,near_usd_buy_20251027_28,NEARUSD,2.386
2025-10-27T00:45:40.288014+00:00,DEBUG,Current price for BONKUSD: 1.5508e-05,bonk_usd_sell_20251027_29,BONKUSD,1.5508e-05
2025-10-27T00:45:40.288076+00:00,DEBUG,Current price for BONKUSD: 1.5508e-05,bonk_usd_buy_20251027_30,BONKUSD,1.5508e-05
2025-10-27T00:45:40.288147+00:00,DEBUG,Current price for DOGSUSD: 5.96e-05,doge_usd_sell_20251027_31,DOGSUSD,5.96e-05
2025-10-27T00:45:40.288210+00:00,DEBUG,Current price for DOGSUSD: 5.96e-05,doge_usd_buy_20251027_32,DOGSUSD,5.96e-05
2025-10-27T00:45:40.288273+00:00,DEBUG,Current price for MEMEUSD: 0.001734,meme_usd_sell_20251027_33,MEMEUSD,0.001734
2025-10-27T00:45:40.288334+00:00,DEBUG,Current price for MEMEUSD: 0.001734,meme_usd_buy_20251027_34,MEMEUSD,0.001734
2025-10-27T00:45:40.288396+00:00,DEBUG,Current price for MEWUSD: 0.001998,mew_usd_sell_20251027_35,MEWUSD,0.001998
2025-10-27T00:45:40.288457+00:00,DEBUG,Current price for MEWUSD: 0.001998,mew_usd_buy_20251027_36,MEWUSD,0.001998
2025-10-27T00:45:40.288519+00:00,DEBUG,Current price for PEPEUSD: 7.371e-06,pepe_usd_sell_20251027_37,PEPEUSD,7.371e-06
2025-10-27T00:45:40.288581+00:00,DEBUG,Current price for PEPEUSD: 7.371e-06,pepe_usd_buy_20251027_38,PEPEUSD,7.371e-06
2025-10-27T00:45:40.288643+00:00,DEBUG,Current price for PONKEUSD: 0.06726,ponke_usd_sell_20251027_39,PONKEUSD,0.06726
2025-10-27T00:45:40.288705+00:00,DEBUG,Current price for PONKEUSD: 0.06726,ponke_usd_buy_20251027_40,PONKEUSD,0.06726
2025-10-27T00:45:40.288767+00:00,DEBUG,Current price for POPCATUSD: 0.1648,popcat_usd_sell_20251027_41,POPCATUSD,0.1648
2025-10-27T00:45:40.288838+00:00,DEBUG,Current price for POPCATUSD: 0.1648,popcat_usd_buy_20251027_42,POPCATUSD,0.1648
2025-10-27T00:45:40.288901+00:00,DEBUG,Current price for TRUMPUSD: 6.28,trump_usd_sell_20251027_43,TRUMPUSD,6.28
2025-10-27T00:45:40.288962+00:00,DEBUG,Current price for TRUMPUSD: 6.28,trump_usd_buy_20251027_44,TRUMPUSD,6.28
2025-10-27T00:45:40.289042+00:00,DEBUG,Current price for ATHUSD: 0.03127,ath_usd_sell_20251027_45,ATHUSD,0.03127
2025-10-27T00:45:40.289110+00:00,DEBUG,Current price for ATHUSD: 0.03127,ath_usd_buy_20251027_46,ATHUSD,0.03127
2025-10-27T00:45:40.289179+00:00,DEBUG,Current price for NANOUSD: 0.709742,nano_usd_sell_20251027_47,NANOUSD,0.709742
2025-10-27T00:45:40.289247+00:00,DEBUG,Current price for NANOUSD: 0.709742,nano_usd_buy_20251027_48,NANOUSD,0.709742
2025-10-27T00:45:40.289316+00:00,DEBUG,Current price for RAYUSD: 1.949,ray_usd_buy_20251027_50,RAYUSD,1.949
2025-10-27T00:45:40.289384+00:00,DEBUG,Current price for RENDERUSD: 2.593,render_usd_sell_20251027_51,RENDERUSD,2.593
2025-10-27T00:45:40.289451+00:00,DEBUG,Current price for RENDERUSD: 2.593,render_usd_buy_20251027_52,RENDERUSD,2.593
2025-10-27T00:45:40.289520+00:00,DEBUG,Current price for SUPERUSD: 0.4253,super_usd_sell_20251027_53,SUPERUSD,0.4253
2025-10-27T00:45:40.289588+00:00,DEBUG,Current price for SUPERUSD: 0.4253,super_usd_buy_20251027_54,SUPERUSD,0.4253
2025-10-27T00:45:40.289656+00:00,DEBUG,Current price for WALUSD: 0.25963,wal_usd_sell_20251027_55,WALUSD,0.25963
2025-10-27T00:45:40.289724+00:00,DEBUG,Current price for WALUSD: 0.25963,wal_usd_buy_20251027_56,WALUSD,0.25963
2025-10-27T00:45:40.290463+00:00,DEBUG,Saved state for 80 configurations
2025-10-27T00:45:40.290543+00:00,DEBUG,Sleeping for 60 seconds (1s increments)
2025-10-27T00:46:40.307677+00:00,INFO,Processing 64 configurations
2025-10-27T00:46:52.205266+00:00,DEBUG,Current price for XXBTZUSD: 114843.3,btc_usd_buy_2,XXBTZUSD,114843.3
2025-10-27T00:46:52.205695+00:00,DEBUG,Current price for XETHZUSD: 4181.61,eth_usd_buy_4,XETHZUSD,4181.61
2025-10-27T00:46:52.206018+00:00,DEBUG,Current price for ATOMUSD: 3.2598,atom_usd_buy_16,ATOMUSD,3.2598
2025-10-27T00:46:52.206369+00:00,DEBUG,Current price for DYDXUSD: 0.3574,dydx_usd_buy_20,DYDXUSD,0.3574
2025-10-27T00:46:52.206632+00:00,DEBUG,Current price for FILUSD: 1.656,fil_usd_buy_26,FILUSD,1.656
2025-10-27T00:46:52.206898+00:00,DEBUG,Current price for NEARUSD: 2.386,near_usd_buy_30,NEARUSD,2.386
2025-10-27T00:46:52.207150+00:00,DEBUG,Current price for MEMEUSD: 0.001734,meme_usd_buy_36,MEMEUSD,0.001734
2025-10-27T00:46:52.207393+00:00,DEBUG,Current price for POPCATUSD: 0.1648,popcat_usd_buy_44,POPCATUSD,0.1648
2025-10-27T00:46:52.207741+00:00,DEBUG,Current price for SUPERUSD: 0.4272,super_usd_buy_56,SUPERUSD,0.4272
2025-10-27T00:46:52.208061+00:00,DEBUG,Current price for XETHZUSD: 4181.61,eth_usd_sell_20251027_1,XETHZUSD,4181.61
2025-10-27T00:46:52.208428+00:00,DEBUG,Current price for XETHZUSD: 4181.61,eth_usd_buy_20251027_2,XETHZUSD,4181.61
2025-10-27T00:46:52.208676+00:00,DEBUG,Current price for SOLUSD: 202.97,sol_usd_sell_20251027_3,SOLUSD,202.97
2025-10-27T00:46:52.208946+00:00,DEBUG,Current price for SOLUSD: 202.97,sol_usd_buy_20251027_4,SOLUSD,202.97
2025-10-27T00:46:52.209182+00:00,DEBUG,Current price for XLTCZUSD: 100.47,ltc_usd_sell_20251027_5,XLTCZUSD,100.47
2025-10-27T00:46:52.209416+00:00,DEBUG,Current price for XLTCZUSD: 100.47,ltc_usd_buy_20251027_6,XLTCZUSD,100.47
2025-10-27T00:46:52.209652+00:00,DEBUG,Current price for XXRPZUSD: 2.65424,xrp_usd_sell_20251027_7,XXRPZUSD,2.65424
2025-10-27T00:46:52.209930+00:00,DEBUG,Current price for XXRPZUSD: 2.65424,xrp_usd_buy_20251027_8,XXRPZUSD,2.65424
2025-10-27T00:46:52.210205+00:00,DEBUG,Current price for XXMRZUSD: 348.8,xmr_usd_sell_20251027_9,XXMRZUSD,348.8
2025-10-27T00:46:52.210439+00:00,DEBUG,Current price for XXMRZUSD: 348.8,xmr_usd_buy_20251027_10,XXMRZUSD,348.8
2025-10-27T00:46:52.210677+00:00,DEBUG,Current price for AAVEUSD: 241.49,aave_usd_sell_20251027_11,AAVEUSD,241.49
2025-10-27T00:46:52.210940+00:00,DEBUG,Current price for AAVEUSD: 241.49,aave_usd_buy_20251027_12,AAVEUSD,241.49
2025-10-27T00:46:52.211175+00:00,DEBUG,Current price for ATOMUSD: 3.2598,atom_usd_sell_20251027_13,ATOMUSD,3.2598
2025-10-27T00:46:52.211407+00:00,DEBUG,Current price for ATOMUSD: 3.2598,atom_usd_buy_20251027_14,ATOMUSD,3.2598
2025-10-27T00:46:52.211638+00:00,DEBUG,Current price for COMPUSD: 38.63,comp_usd_sell_20251027_15,COMPUSD,38.63
2025-10-27T00:46:52.211887+00:00,DEBUG,Current price for COMPUSD: 38.63,comp_usd_buy_20251027_16,COMPUSD,38.63
2025-10-27T00:46:52.212129+00:00,DEBUG,Current price for DYDXUSD: 0.3574,dydx_usd_sell_20251027_17,DYDXUSD,0.3574
2025-10-27T00:46:52.212364+00:00,DEBUG,Current price for DYDXUSD: 0.3574,dydx_usd_buy_20251027_18,DYDXUSD,0.3574
2025-10-27T00:46:52.212596+00:00,DEBUG,Current price for EGLDUSD: 10.03,egld_usd_sell_20251027_19,EGLDUSD,10.03
2025-10-27T00:46:52.213107+00:00,DEBUG,Current price for EGLDUSD: 10.03,egld_usd_buy_20251027_20,EGLDUSD,10.03
2025-10-27T00:46:52.213345+00:00,DEBUG,Current price for ENSUSD: 16.36,ens_usd_sell_20251027_21,ENSUSD,16.36
2025-10-27T00:46:52.213577+00:00,DEBUG,Current price for ENSUSD: 16.36,ens_usd_buy_20251027_22,ENSUSD,16.36
2025-10-27T00:46:52.213833+00:00,DEBUG,Current price for FILUSD: 1.656,fil_usd_sell_20251027_23,FILUSD,1.656
2025-10-27T00:46:52.214077+00:00,DEBUG,Current price for FILUSD: 1.656,fil_usd_buy_20251027_24,FILUSD,1.656
2025-10-27T00:46:52.214308+00:00,DEBUG,Current price for INJUSD: 9.055,inj_usd_sell_20251027_25,INJUSD,9.055
2025-10-27T00:46:52.214535+00:00,DEBUG,Current price for INJUSD: 9.055,inj_usd_buy_20251027_26,INJUSD,9.055
2025-10-27T00:46:52.214769+00:00,DEBUG,Current price for NEARUSD: 2.386,near_usd_sell_20251027_27,NEARUSD,2.386
2025-10-27T00:46:52.215029+00:00,DEBUG,Current price for NEARUSD: 2.386,near_usd_buy_20251027_28,NEARUSD,2.386
2025-10-27T00:46:52.215267+00:00,DEBUG,Current price for BONKUSD: 1.5508e-05,bonk_usd_sell_20251027_29,BONKUSD,1.5508e-05
2025-10-27T00:46:52.215504+00:00,DEBUG,Current price for BONKUSD: 1.5508e-05,bonk_usd_buy_20251027_30,BONKUSD,1.5508e-05
2025-10-27T00:46:52.215739+00:00,DEBUG,Current price for DOGSUSD: 5.96e-05,doge_usd_sell_20251027_31,DOGSUSD,5.96e-05
2025-10-27T00:46:52.216159+00:00,DEBUG,Current price for DOGSUSD: 5.96e-05,doge_usd_buy_20251027_32,DOGSUSD,5.96e-05
2025-10-27T00:46:52.216500+00:00,DEBUG,Current price for MEMEUSD: 0.001734,meme_usd_sell_20251027_33,MEMEUSD,0.001734
2025-10-27T00:46:52.216756+00:00,DEBUG,Current price for MEMEUSD: 0.001734,meme_usd_buy_20251027_34,MEMEUSD,0.001734
2025-10-27T00:46:52.217024+00:00,DEBUG,Current price for MEWUSD: 0.001998,mew_usd_sell_20251027_35,MEWUSD,0.001998
2025-10-27T00:46:52.217260+00:00,DEBUG,Current price for MEWUSD: 0.001998,mew_usd_buy_20251027_36,MEWUSD,0.001998
2025-10-27T00:46:52.217522+00:00,DEBUG,Current price for PEPEUSD: 7.379e-06,pepe_usd_sell_20251027_37,PEPEUSD,7.379e-06
2025-10-27T00:46:52.217761+00:00,DEBUG,Current price for PEPEUSD: 7.379e-06,pepe_usd_buy_20251027_38,PEPEUSD,7.379e-06
2025-10-27T00:46:52.218030+00:00,DEBUG,Current price for PONKEUSD: 0.06726,ponke_usd_sell_20251027_39,PONKEUSD,0.06726
2025-10-27T00:46:52.218265+00:00,DEBUG,Current price for PONKEUSD: 0.06726,ponke_usd_buy_20251027_40,PONKEUSD,0.06726
2025-10-27T00:46:52.218498+00:00,DEBUG,Current price for POPCATUSD: 0.1648,popcat_usd_sell_20251027_41,POPCATUSD,0.1648
2025-10-27T00:46:52.218729+00:00,DEBUG,Current price for POPCATUSD: 0.1648,popcat_usd_buy_20251027_42,POPCATUSD,0.1648
2025-10-27T00:46:52.218989+00:00,DEBUG,Current price for TRUMPUSD: 6.28,trump_usd_sell_20251027_43,TRUMPUSD,6.28
2025-10-27T00:46:52.219223+00:00,DEBUG,Current price for TRUMPUSD: 6.28,trump_usd_buy_20251027_44,TRUMPUSD,6.28
2025-10-27T00:46:52.219454+00:00,DEBUG,Current price for ATHUSD: 0.03137,ath_usd_sell_20251027_45,ATHUSD,0.03137
2025-10-27T00:46:52.219685+00:00,DEBUG,Current price for ATHUSD: 0.03137,ath_usd_buy_20251027_46,ATHUSD,0.03137
2025-10-27T00:46:52.219948+00:00,DEBUG,Current price for NANOUSD: 0.709742,nano_usd_sell_20251027_47,NANOUSD,0.709742
2025-10-27T00:46:52.220219+00:00,DEBUG,Current price for NANOUSD: 0.709742,nano_usd_buy_20251027_48,NANOUSD,0.709742
2025-10-27T00:46:52.220455+00:00,DEBUG,Current price for RAYUSD: 1.949,ray_usd_buy_20251027_50,RAYUSD,1.949
2025-10-27T00:46:52.220685+00:00,DEBUG,Current price for RENDERUSD: 2.593,render_usd_sell_20251027_51,RENDERUSD,2.593
2025-10-27T00:46:52.220946+00:00,DEBUG,Current price for RENDERUSD: 2.593,render_usd_buy_20251027_52,RENDERUSD,2.593
2025-10-27T00:46:52.221182+00:00,DEBUG,Current price for SUPERUSD: 0.4272,super_usd_sell_20251027_53,SUPERUSD,0.4272
2025-10-27T00:46:52.221414+00:00,DEBUG,Current price for SUPERUSD: 0.4272,super_usd_buy_20251027_54,SUPERUSD,0.4272
2025-10-27T00:46:52.221646+00:00,DEBUG,Current price for WALUSD: 0.259,wal_usd_sell_20251027_55,WALUSD,0.259
2025-10-27T00:46:52.221920+00:00,DEBUG,Current price for WALUSD: 0.259,wal_usd_buy_20251027_56,WALUSD,0.259
2025-10-27T00:46:52.224580+00:00,DEBUG,Saved state for 80 configurations
2025-10-27T00:46:52.224870+00:00,DEBUG,Sleeping for 60 seconds (1s increments)
2025-10-27T00:47:52.241685+00:00,INFO,Processing 64 configurations
2025-10-27T00:48:05.008542+00:00,DEBUG,Current price for XXBTZUSD: 114758.0,btc_usd_buy_2,XXBTZUSD,114758.0
2025-10-27T00:48:05.008657+00:00,DEBUG,Current price for XETHZUSD: 4175.35,eth_usd_buy_4,XETHZUSD,4175.35
2025-10-27T00:48:05.008729+00:00,DEBUG,Current price for ATOMUSD: 3.2581,atom_usd_buy_16,ATOMUSD,3.2581
2025-10-27T00:48:05.008799+00:00,DEBUG,Current price for DYDXUSD: 0.3574,dydx_usd_buy_20,DYDXUSD,0.3574
2025-10-27T00:48:05.008893+00:00,DEBUG,Current price for FILUSD: 1.656,fil_usd_buy_26,FILUSD,1.656
2025-10-27T00:48:05.008953+00:00,DEBUG,Current price for NEARUSD: 2.386,near_usd_buy_30,NEARUSD,2.386
2025-10-27T00:48:05.009012+00:00,DEBUG,Current price for MEMEUSD: 0.001734,meme_usd_buy_36,MEMEUSD,0.001734
2025-10-27T00:48:05.009070+00:00,DEBUG,Current price for POPCATUSD: 0.1648,popcat_usd_buy_44,POPCATUSD,0.1648
2025-10-27T00:48:05.009129+00:00,DEBUG,Current price for SUPERUSD: 0.4278,super_usd_buy_56,SUPERUSD,0.4278
2025-10-27T00:48:05.009187+00:00,DEBUG,Current price for XETHZUSD: 4175.35,eth_usd_sell_20251027_1,XETHZUSD,4175.35
2025-10-27T00:48:05.009245+00:00,DEBUG,Current price for XETHZUSD: 4175.35,eth_usd_buy_20251027_2,XETHZUSD,4175.35
2025-10-27T00:48:05.009302+00:00,DEBUG,Current price for SOLUSD: 202.78,sol_usd_sell_20251027_3,SOLUSD,202.78
2025-10-27T00:48:05.009360+00:00,DEBUG,Current price for SOLUSD: 202.78,sol_usd_buy_20251027_4,SOLUSD,202.78
2025-10-27T00:48:05.009417+00:00,DEBUG,Current price for XLTCZUSD: 100.23,ltc_usd_sell_20251027_5,XLTCZUSD,100.23
2025-10-27T00:48:05.009474+00:00,DEBUG,Current price for XLTCZUSD: 100.23,ltc_usd_buy_20251027_6,XLTCZUSD,100.23
2025-10-27T00:48:05.009540+00:00,DEBUG,Current price for XXRPZUSD: 2.65053,xrp_usd_sell_20251027_7,XXRPZUSD,2.65053
2025-10-27T00:48:05.009596+00:00,DEBUG,Current price for XXRPZUSD: 2.65053,xrp_usd_buy_20251027_8,XXRPZUSD,2.65053
2025-10-27T00:48:05.009650+00:00,DEBUG,Current price for XXMRZUSD: 348.37,xmr_usd_sell_20251027_9,XXMRZUSD,348.37
2025-10-27T00:48:05.009704+00:00,DEBUG,Current price for XXMRZUSD: 348.37,xmr_usd_buy_20251027_10,XXMRZUSD,348.37
2025-10-27T00:48:05.009758+00:00,DEBUG,Current price for AAVEUSD: 241.29,aave_usd_sell_20251027_11,AAVEUSD,241.29
2025-10-27T00:48:05.009852+00:00,DEBUG,Current price for AAVEUSD: 241.29,aave_usd_buy_20251027_12,AAVEUSD,241.29
2025-10-27T00:48:05.009906+00:00,DEBUG,Current price for ATOMUSD: 3.2581,atom_usd_sell_20251027_13,ATOMUSD,3.2581
2025-10-27T00:48:05.009959+00:00,DEBUG,Current price for ATOMUSD: 3.2581,atom_usd_buy_20251027_14,ATOMUSD,3.2581
2025-10-27T00:48:05.010013+00:00,DEBUG,Current price for COMPUSD: 38.63,comp_usd_sell_20251027_15,COMPUSD,38.63
2025-10-27T00:48:05.010067+00:00,DEBUG,Current price for COMPUSD: 38.63,comp_usd_buy_20251027_16,COMPUSD,38.63
2025-10-27T00:48:05.010121+00:00,DEBUG,Current price for DYDXUSD: 0.3574,dydx_usd_sell_20251027_17,DYDXUSD,0.3574
2025-10-27T00:48:05.010176+00:00,DEBUG,Current price for DYDXUSD: 0.3574,dydx_usd_buy_20251027_18,DYDXUSD,0.3574
2025-10-27T00:48:05.010230+00:00,DEBUG,Current price for EGLDUSD: 10.04,egld_usd_sell_20251027_19,EGLDUSD,10.04
2025-10-27T00:48:05.010283+00:00,DEBUG,Current price for EGLDUSD: 10.04,egld_usd_buy_20251027_20,EGLDUSD,10.04
2025-10-27T00:48:05.010337+00:00,DEBUG,Current price for ENSUSD: 16.41,ens_usd_sell_20251027_21,ENSUSD,16.41
2025-10-27T00:48:05.010390+00:00,DEBUG,Current price for ENSUSD: 16.41,ens_usd_buy_20251027_22,ENSUSD,16.41
2025-10-27T00:48:05.010444+00:00,DEBUG,Current price for FILUSD: 1.656,fil_usd_sell_20251027_23,FILUSD,1.656
2025-10-27T00:48:05.010497+00:00,DEBUG,Current price for FILUSD: 1.656,fil_usd_buy_20251027_24,FILUSD,1.656
2025-10-27T00:48:05.010550+00:00,DEBUG,Current price for INJUSD: 9.055,inj_usd_sell_20251027_25,INJUSD,9.055
2025-10-27T00:48:05.010618+00:00,DEBUG,Current price for INJUSD: 9.055,inj_usd_buy_20251027_26,INJUSD,9.055
2025-10-27T00:48:05.010673+00:00,DEBUG,Current price for NEARUSD: 2.386,near_usd_sell_20251027_27,NEARUSD,2.386
2025-10-27T00:48:05.010728+00:00,DEBUG,Current price for NEARUSD: 2.386,near_usd_buy_20251027_28,NEARUSD,2.386
2025-10-27T00:48:05.010788+00:00,DEBUG,Current price for BONKUSD: 1.5502e-05,bonk_usd_sell_20251027_29,BONKUSD,1.5502e-05
2025-10-27T00:48:05.010892+00:00,DEBUG,Current price for BONKUSD: 1.5502e-05,bonk_usd_buy_20251027_30,BONKUSD,1.5502e-05
2025-10-27T00:48:05.010947+00:00,DEBUG,Current price for DOGSUSD: 5.96e-05,doge_usd_sell_20251027_31,DOGSUSD,5.96e-05
2025-10-27T00:48:05.011002+00:00,DEBUG,Current price for DOGSUSD: 5.96e-05,doge_usd_buy_20251027_32,DOGSUSD,5.96e-05
2025-10-27T00:48:05.011056+00:00,DEBUG,Current price for MEMEUSD: 0.001734,meme_usd_sell_20251027_33,MEMEUSD,0.001734
2025-10-27T00:48:05.011110+00:00,DEBUG,Current price for MEMEUSD: 0.001734,meme_usd_buy_20251027_34,MEMEUSD,0.001734
2025-10-27T00:48:05.011163+00:00,DEBUG,Current price for MEWUSD: 0.001998,mew_usd_sell_20251027_35,MEWUSD,0.001998
2025-10-27T00:48:05.011216+00:00,DEBUG,Current price for MEWUSD: 0.001998,mew_usd_buy_20251027_36,MEWUSD,0.001998
2025-10-27T00:48:05.011270+00:00,DEBUG,Current price for PEPEUSD: 7.368e-06,pepe_usd_sell_20251027_37,PEPEUSD,7.368e-06
2025-10-27T00:48:05.011324+00:00,DEBUG,Current price for PEPEUSD: 7.368e-06,pepe_usd_buy_20251027_38,PEPEUSD,7.368e-06
2025-10-27T00:48:05.011378+00:00,DEBUG,Current price for PONKEUSD: 0.06735,ponke_usd_sell_20251027_39,PONKEUSD,0.06735
2025-10-27T00:48:05.011432+00:00,DEBUG,Current price for PONKEUSD: 0.06735,ponke_usd_buy_20251027_40,PONKEUSD,0.06735
2025-10-27T00:48:05.011486+00:00,DEBUG,Current price for POPCATUSD: 0.1648,popcat_usd_sell_20251027_41,POPCATUSD,0.1648
2025-10-27T00:48:05.011539+00:00,DEBUG,Current price for POPCATUSD: 0.1648,popcat_usd_buy_20251027_42,POPCATUSD,0.1648
2025-10-27T00:48:05.011598+00:00,DEBUG,Current price for TRUMPUSD: 6.28,trump_usd_sell_20251027_43,TRUMPUSD,6.28
2025-10-27T00:48:05.011652+00:00,DEBUG,Current price for TRUMPUSD: 6.28,trump_usd_buy_20251027_44,TRUMPUSD,6.28
2025-10-27T00:48:05.011705+00:00,DEBUG,Current price for ATHUSD: 0.03137,ath_usd_sell_20251027_45,ATHUSD,0.03137
2025-10-27T00:48:05.011758+00:00,DEBUG,Current price for ATHUSD: 0.03137,ath_usd_buy_20251027_46,ATHUSD,0.03137
2025-10-27T00:48:05.011853+00:00,DEBUG,Current price for NANOUSD: 0.709742,nano_usd_sell_20251027_47,NANOUSD,0.709742
2025-10-27T00:48:05.011907+00:00,DEBUG,Current price for NANOUSD: 0.709742,nano_usd_buy_20251027_48,NANOUSD,0.709742
2025-10-27T00:48:05.011961+00:00,DEBUG,Current price for RAYUSD: 1.949,ray_usd_buy_20251027_50,RAYUSD,1.949
2025-10-27T00:48:05.012014+00:00,DEBUG,Current price for RENDERUSD: 2.593,render_usd_sell_20251027_51,RENDERUSD,2.593
2025-10-27T00:48:05.012067+00:00,DEBUG,Current price for RENDERUSD: 2.593,render_usd_buy_20251027_52,RENDERUSD,2.593
2025-10-27T00:48:05.012120+00:00,DEBUG,Current price for SUPERUSD: 0.4278,super_usd_sell_20251027_53,SUPERUSD,0.4278
2025-10-27T00:48:05.012173+00:00,DEBUG,Current price for SUPERUSD: 0.4278,super_usd_buy_20251027_54,SUPERUSD,0.4278
2025-10-27T00:48:05.012227+00:00,DEBUG,Current price for WALUSD: 0.259,wal_usd_sell_20251027_55,WALUSD,0.259
2025-10-27T00:48:05.012280+00:00,DEBUG,Current price for WALUSD: 0.259,wal_usd_buy_20251027_56,WALUSD,0.259
2025-10-27T00:48:05.012909+00:00,DEBUG,Saved state for 80 configurations
2025-10-27T00:48:05.012971+00:00,DEBUG,Sleeping for 60 seconds (1s increments)
2025-10-27T00:49:05.029436+00:00,INFO,Processing 64 configurations
2025-10-27T00:49:13.748712+00:00,DEBUG,Current price for XXBTZUSD: 114708.3,btc_usd_buy_2,XXBTZUSD,114708.3
2025-10-27T00:49:13.749165+00:00,DEBUG,Current price for XETHZUSD: 4168.28,eth_usd_buy_4,XETHZUSD,4168.28
2025-10-27T00:49:13.749474+00:00,DEBUG,Current price for ATOMUSD: 3.2581,atom_usd_buy_16,ATOMUSD,3.2581
2025-10-27T00:49:13.749752+00:00,DEBUG,Current price for DYDXUSD: 0.3574,dydx_usd_buy_20,DYDXUSD,0.3574
2025-10-27T00:49:13.750047+00:00,DEBUG,Current price for FILUSD: 1.657,fil_usd_buy_26,FILUSD,1.657
2025-10-27T00:49:13.750304+00:00,DEBUG,Current price for NEARUSD: 2.386,near_usd_buy_30,NEARUSD,2.386
2025-10-27T00:49:13.750561+00:00,DEBUG,Current price for MEMEUSD: 0.001734,meme_usd_buy_36,MEMEUSD,0.001734
2025-10-27T00:49:13.750837+00:00,DEBUG,Current price for POPCATUSD: 0.1648,popcat_usd_buy_44,POPCATUSD,0.1648
2025-10-27T00:49:13.751101+00:00,DEBUG,Current price for SUPERUSD: 0.4278,super_usd_buy_56,SUPERUSD,0.4278
2025-10-27T00:49:13.751352+00:00,DEBUG,Current price for XETHZUSD: 4168.28,eth_usd_sell_20251027_1,XETHZUSD,4168.28
2025-10-27T00:49:13.751600+00:00,DEBUG,Current price for XETHZUSD: 4168.28,eth_usd_buy_20251027_2,XETHZUSD,4168.28
2025-10-27T00:49:13.751871+00:00,DEBUG,Current price for SOLUSD: 202.67,sol_usd_sell_20251027_3,SOLUSD,202.67
2025-10-27T00:49:13.752127+00:00,DEBUG,Current price for SOLUSD: 202.67,sol_usd_buy_20251027_4,SOLUSD,202.67
2025-10-27T00:49:13.752372+00:00,DEBUG,Current price for XLTCZUSD: 100.12,ltc_usd_sell_20251027_5,XLTCZUSD,100.12
2025-10-27T00:49:13.752622+00:00,DEBUG,Current price for XLTCZUSD: 100.12,ltc_usd_buy_20251027_6,XLTCZUSD,100.12
2025-10-27T00:49:13.752890+00:00,DEBUG,Current price for XXRPZUSD: 2.64824,xrp_usd_sell_20251027_7,XXRPZUSD,2.64824
2025-10-27T00:49:13.753147+00:00,DEBUG,Current price for XXRPZUSD: 2.64824,xrp_usd_buy_20251027_8,XXRPZUSD,2.64824
2025-10-27T00:49:13.753396+00:00,DEBUG,Current price for XXMRZUSD: 348.71,xmr_usd_sell_20251027_9,XXMRZUSD,348.71
2025-10-27T00:49:13.753642+00:00,DEBUG,Current price for XXMRZUSD: 348.71,xmr_usd_buy_20251027_10,XXMRZUSD,348.71
2025-10-27T00:49:13.753915+00:00,DEBUG,Current price for AAVEUSD: 241.29,aave_usd_sell_20251027_11,AAVEUSD,241.29
2025-10-27T00:49:13.754164+00:00,DEBUG,Current price for AAVEUSD: 241.29,aave_usd_buy_20251027_12,AAVEUSD,241.29
2025-10-27T00:49:13.754441+00:00,DEBUG,Current price for ATOMUSD: 3.2581,atom_usd_sell_20251027_13,ATOMUSD,3.2581
2025-10-27T00:49:13.754678+00:00,DEBUG,Current price for ATOMUSD: 3.2581,atom_usd_buy_20251027_14,ATOMUSD,3.2581
2025-10-27T00:49:13.754955+00:00,DEBUG,Current price for COMPUSD: 38.63,comp_usd_sell_20251027_15,COMPUSD,38.63
2025-10-27T00:49:13.755194+00:00,DEBUG,Current price for COMPUSD: 38.63,comp_usd_buy_20251027_16,COMPUSD,38.63
2025-10-27T00:49:13.755431+00:00,DEBUG,Current price for DYDXUSD: 0.3574,dydx_usd_sell_20251027_17,DYDXUSD,0.3574
2025-10-27T00:49:13.755666+00:00,DEBUG,Current price for DYDXUSD: 0.3574,dydx_usd_buy_20251027_18,DYDXUSD,0.3574
2025-10-27T00:49:13.755932+00:00,DEBUG,Current price for EGLDUSD: 10.02,egld_usd_sell_20251027_19,EGLDUSD,10.02
2025-10-27T00:49:13.756170+00:00,DEBUG,Current price for EGLDUSD: 10.02,egld_usd_buy_20251027_20,EGLDUSD,10.02
2025-10-27T00:49:13.756406+00:00,DEBUG,Current price for ENSUSD: 16.41,ens_usd_sell_20251027_21,ENSUSD,16.41
2025-10-27T00:49:13.756639+00:00,DEBUG,Current price for ENSUSD: 16.41,ens_usd_buy_20251027_22,ENSUSD,16.41
2025-10-27T00:49:13.756902+00:00,DEBUG,Current price for FILUSD: 1.657,fil_usd_sell_20251027_23,FILUSD,1.657
2025-10-27T00:49:13.757139+00:00,DEBUG,Current price for FILUSD: 1.657,fil_usd_buy_20251027_24,FILUSD,1.657
2025-10-27T00:49:13.757373+00:00,DEBUG,Current price for INJUSD: 9.055,inj_usd_sell_20251027_25,INJUSD,9.055
2025-10-27T00:49:13.757604+00:00,DEBUG,Current price for INJUSD: 9.055,inj_usd_buy_20251027_26,INJUSD,9.055
2025-10-27T00:49:13.757858+00:00,DEBUG,Current price for NEARUSD: 2.386,near_usd_sell_20251027_27,NEARUSD,2.386
2025-10-27T00:49:13.758107+00:00,DEBUG,Current price for NEARUSD: 2.386,near_usd_buy_20251027_28,NEARUSD,2.386
2025-10-27T00:49:13.758347+00:00,DEBUG,Current price for BONKUSD: 1.5482e-05,bonk_usd_sell_20251027_29,BONKUSD,1.5482e-05
2025-10-27T00:49:13.758587+00:00,DEBUG,Current price for BONKUSD: 1.5482e-05,bonk_usd_buy_20251027_30,BONKUSD,1.5482e-05
2025-10-27T00:49:13.758846+00:00,DEBUG,Current price for DOGSUSD: 5.96e-05,doge_usd_sell_20251027_31,DOGSUSD,5.96e-05
2025-10-27T00:49:13.759100+00:00,DEBUG,Current price for DOGSUSD: 5.96e-05,doge_usd_buy_20251027_32,DOGSUSD,5.96e-05
2025-10-27T00:49:13.759341+00:00,DEBUG,Current price for MEMEUSD: 0.001734,meme_usd_sell_20251027_33,MEMEUSD,0.001734
2025-10-27T00:49:13.759580+00:00,DEBUG,Current price for MEMEUSD: 0.001734,meme_usd_buy_20251027_34,MEMEUSD,0.001734
2025-10-27T00:49:13.759834+00:00,DEBUG,Current price for MEWUSD: 0.001998,mew_usd_sell_20251027_35,MEWUSD,0.001998
2025-10-27T00:49:13.760083+00:00,DEBUG,Current price for MEWUSD: 0.001998,mew_usd_buy_20251027_36,MEWUSD,0.001998
2025-10-27T00:49:13.760322+00:00,DEBUG,Current price for PEPEUSD: 7.36e-06,pepe_usd_sell_20251027_37,PEPEUSD,7.36e-06
2025-10-27T00:49:13.760560+00:00,DEBUG,Current price for PEPEUSD: 7.36e-06,pepe_usd_buy_20251027_38,PEPEUSD,7.36e-06
2025-10-27T00:49:13.760819+00:00,DEBUG,Current price for PONKEUSD: 0.06735,ponke_usd_sell_20251027_39,PONKEUSD,0.06735
2025-10-27T00:49:13.761073+00:00,DEBUG,Current price for PONKEUSD: 0.06735,ponke_usd_buy_20251027_40,PONKEUSD,0.06735
2025-10-27T00:49:13.761309+00:00,DEBUG,Current price for POPCATUSD: 0.1648,popcat_usd_sell_20251027_41,POPCATUSD,0.1648
2025-10-27T00:49:13.761547+00:00,DEBUG,Current price for POPCATUSD: 0.1648,popcat_usd_buy_20251027_42,POPCATUSD,0.1648
2025-10-27T00:49:13.761803+00:00,DEBUG,Current price for TRUMPUSD: 6.28,trump_usd_sell_20251027_43,TRUMPUSD,6.28
2025-10-27T00:49:13.762054+00:00,DEBUG,Current price for TRUMPUSD: 6.28,trump_usd_buy_20251027_44,TRUMPUSD,6.28
2025-10-27T00:49:13.762290+00:00,DEBUG,Current price for ATHUSD: 0.03137,ath_usd_sell_20251027_45,ATHUSD,0.03137
2025-10-27T00:49:13.762524+00:00,DEBUG,Current price for ATHUSD: 0.03137,ath_usd_buy_20251027_46,ATHUSD,0.03137
2025-10-27T00:49:13.762760+00:00,DEBUG,Current price for NANOUSD: 0.709742,nano_usd_sell_20251027_47,NANOUSD,0.709742
2025-10-27T00:49:13.763028+00:00,DEBUG,Current price for NANOUSD: 0.709742,nano_usd_buy_20251027_48,NANOUSD,0.709742
2025-10-27T00:49:13.763290+00:00,DEBUG,Current price for RAYUSD: 1.948,ray_usd_buy_20251027_50,RAYUSD,1.948
2025-10-27T00:49:13.763531+00:00,DEBUG,Current price for RENDERUSD: 2.593,render_usd_sell_20251027_51,RENDERUSD,2.593
2025-10-27T00:49:13.763766+00:00,DEBUG,Current price for RENDERUSD: 2.593,render_usd_buy_20251027_52,RENDERUSD,2.593
2025-10-27T00:49:13.764031+00:00,DEBUG,Current price for SUPERUSD: 0.4278,super_usd_sell_20251027_53,SUPERUSD,0.4278
2025-10-27T00:49:13.764267+00:00,DEBUG,Current price for SUPERUSD: 0.4278,super_usd_buy_20251027_54,SUPERUSD,0.4278
2025-10-27T00:49:13.764501+00:00,DEBUG,Current price for WALUSD: 0.259,wal_usd_sell_20251027_55,WALUSD,0.259
2025-10-27T00:49:13.764733+00:00,DEBUG,Current price for WALUSD: 0.259,wal_usd_buy_20251027_56,WALUSD,0.259
2025-10-27T00:49:13.767151+00:00,DEBUG,Saved state for 80 configurations
2025-10-27T00:49:13.767418+00:00,DEBUG,Sleeping for 60 seconds (1s increments)
2025-10-27T00:50:13.784637+00:00,INFO,Processing 64 configurations
2025-10-27T00:50:25.855869+00:00,DEBUG,Current price for XXBTZUSD: 114724.2,btc_usd_buy_2,XXBTZUSD,114724.2
2025-10-27T00:50:25.856294+00:00,DEBUG,Current price for XETHZUSD: 4168.37,eth_usd_buy_4,XETHZUSD,4168.37
2025-10-27T00:50:25.856595+00:00,DEBUG,Current price for ATOMUSD: 3.2581,atom_usd_buy_16,ATOMUSD,3.2581
2025-10-27T00:50:25.856885+00:00,DEBUG,Current price for DYDXUSD: 0.3574,dydx_usd_buy_20,DYDXUSD,0.3574
2025-10-27T00:50:25.857150+00:00,DEBUG,Current price for FILUSD: 1.657,fil_usd_buy_26,FILUSD,1.657
2025-10-27T00:50:25.857399+00:00,DEBUG,Current price for NEARUSD: 2.386,near_usd_buy_30,NEARUSD,2.386
2025-10-27T00:50:25.857645+00:00,DEBUG,Current price for MEMEUSD: 0.001734,meme_usd_buy_36,MEMEUSD,0.001734
2025-10-27T00:50:25.857918+00:00,DEBUG,Current price for POPCATUSD: 0.1648,popcat_usd_buy_44,POPCATUSD,0.1648
2025-10-27T00:50:25.858168+00:00,DEBUG,Current price for SUPERUSD: 0.4276,super_usd_buy_56,SUPERUSD,0.4276
2025-10-27T00:50:25.858414+00:00,DEBUG,Current price for XETHZUSD: 4168.37,eth_usd_sell_20251027_1,XETHZUSD,4168.37
2025-10-27T00:50:25.858656+00:00,DEBUG,Current price for XETHZUSD: 4168.37,eth_usd_buy_20251027_2,XETHZUSD,4168.37
2025-10-27T00:50:25.858930+00:00,DEBUG,Current price for SOLUSD: 202.91,sol_usd_sell_20251027_3,SOLUSD,202.91
2025-10-27T00:50:25.859178+00:00,DEBUG,Current price for SOLUSD: 202.91,sol_usd_buy_20251027_4,SOLUSD,202.91
2025-10-27T00:50:25.859422+00:00,DEBUG,Current price for XLTCZUSD: 100.12,ltc_usd_sell_20251027_5,XLTCZUSD,100.12
2025-10-27T00:50:25.859664+00:00,DEBUG,Current price for XLTCZUSD: 100.12,ltc_usd_buy_20251027_6,XLTCZUSD,100.12
2025-10-27T00:50:25.859948+00:00,DEBUG,Current price for XXRPZUSD: 2.64702,xrp_usd_sell_20251027_7,XXRPZUSD,2.64702
2025-10-27T00:50:25.860195+00:00,DEBUG,Current price for XXRPZUSD: 2.64702,xrp_usd_buy_20251027_8,XXRPZUSD,2.64702
2025-10-27T00:50:25.860437+00:00,DEBUG,Current price for XXMRZUSD: 348.37,xmr_usd_sell_20251027_9,XXMRZUSD,348.37
2025-10-27T00:50:25.860678+00:00,DEBUG,Current price for XXMRZUSD: 348.37,xmr_usd_buy_20251027_10,XXMRZUSD,348.37
2025-10-27T00:50:25.860944+00:00,DEBUG,Current price for AAVEUSD: 241.29,aave_usd_sell_20251027_11,AAVEUSD,241.29
2025-10-27T00:50:25.861192+00:00,DEBUG,Current price for AAVEUSD: 241.29,aave_usd_buy_20251027_12,AAVEUSD,241.29
2025-10-27T00:50:25.861434+00:00,DEBUG,Current price for ATOMUSD: 3.2581,atom_usd_sell_20251027_13,ATOMUSD,3.2581
2025-10-27T00:50:25.861867+00:00,DEBUG,Current price for ATOMUSD: 3.2581,atom_usd_buy_20251027_14,ATOMUSD,3.2581
2025-10-27T00:50:25.862119+00:00,DEBUG,Current price for COMPUSD: 38.63,comp_usd_sell_20251027_15,COMPUSD,38.63
2025-10-27T00:50:25.862362+00:00,DEBUG,Current price for COMPUSD: 38.63,comp_usd_buy_20251027_16,COMPUSD,38.63
2025-10-27T00:50:25.862605+00:00,DEBUG,Current price for DYDXUSD: 0.3574,dydx_usd_sell_20251027_17,DYDXUSD,0.3574
2025-10-27T00:50:25.862866+00:00,DEBUG,Current price for DYDXUSD: 0.3574,dydx_usd_buy_20251027_18,DYDXUSD,0.3574
2025-10-27T00:50:25.863148+00:00,DEBUG,Current price for EGLDUSD: 10.02,egld_usd_sell_20251027_19,EGLDUSD,10.02
2025-10-27T00:50:25.863384+00:00,DEBUG,Current price for EGLDUSD: 10.02,egld_usd_buy_20251027_20,EGLDUSD,10.02
2025-10-27T00:50:25.863615+00:00,DEBUG,Current price for ENSUSD: 16.41,ens_usd_sell_20251027_21,ENSUSD,16.41
2025-10-27T00:50:25.863864+00:00,DEBUG,Current price for ENSUSD: 16.41,ens_usd_buy_20251027_22,ENSUSD,16.41
2025-10-27T00:50:25.864107+00:00,DEBUG,Current price for FILUSD: 1.657,fil_usd_sell_20251027_23,FILUSD,1.657
2025-10-27T00:50:25.864337+00:00,DEBUG,Current price for FILUSD: 1.657,fil_usd_buy_20251027_24,FILUSD,1.657
2025-10-27T00:50:25.864565+00:00,DEBUG,Current price for INJUSD: 9.055,inj_usd_sell_20251027_25,INJUSD,9.055
2025-10-27T00:50:25.864810+00:00,DEBUG,Current price for INJUSD: 9.055,inj_usd_buy_20251027_26,INJUSD,9.055
2025-10-27T00:50:25.865053+00:00,DEBUG,Current price for NEARUSD: 2.386,near_usd_sell_20251027_27,NEARUSD,2.386
2025-10-27T00:50:25.865283+00:00,DEBUG,Current price for NEARUSD: 2.386,near_usd_buy_20251027_28,NEARUSD,2.386
2025-10-27T00:50:25.865517+00:00,DEBUG,Current price for BONKUSD: 1.5455e-05,bonk_usd_sell_20251027_29,BONKUSD,1.5455e-05
2025-10-27T00:50:25.865752+00:00,DEBUG,Current price for BONKUSD: 1.5455e-05,bonk_usd_buy_20251027_30,BONKUSD,1.5455e-05
2025-10-27T00:50:25.866020+00:00,DEBUG,Current price for DOGSUSD: 5.96e-05,doge_usd_sell_20251027_31,DOGSUSD,5.96e-05
2025-10-27T00:50:25.866255+00:00,DEBUG,Current price for DOGSUSD: 5.96e-05,doge_usd_buy_20251027_32,DOGSUSD,5.96e-05
2025-10-27T00:50:25.866486+00:00,DEBUG,Current price for MEMEUSD: 0.001734,meme_usd_sell_20251027_33,MEMEUSD,0.001734
2025-10-27T00:50:25.866715+00:00,DEBUG,Current price for MEMEUSD: 0.001734,meme_usd_buy_20251027_34,MEMEUSD,0.001734
2025-10-27T00:50:25.866974+00:00,DEBUG,Current price for MEWUSD: 0.001998,mew_usd_sell_20251027_35,MEWUSD,0.001998
2025-10-27T00:50:25.867207+00:00,DEBUG,Current price for MEWUSD: 0.001998,mew_usd_buy_20251027_36,MEWUSD,0.001998
2025-10-27T00:50:25.867441+00:00,DEBUG,Current price for PEPEUSD: 7.36e-06,pepe_usd_sell_20251027_37,PEPEUSD,7.36e-06
2025-10-27T00:50:25.867673+00:00,DEBUG,Current price for PEPEUSD: 7.36e-06,pepe_usd_buy_20251027_38,PEPEUSD,7.36e-06
2025-10-27T00:50:25.867937+00:00,DEBUG,Current price for PONKEUSD: 0.06735,ponke_usd_sell_20251027_39,PONKEUSD,0.06735
2025-10-27T00:50:25.868170+00:00,DEBUG,Current price for PONKEUSD: 0.06735,ponke_usd_buy_20251027_40,PONKEUSD,0.06735
2025-10-27T00:50:25.868398+00:00,DEBUG,Current price for POPCATUSD: 0.1648,popcat_usd_sell_20251027_41,POPCATUSD,0.1648
2025-10-27T00:50:25.868627+00:00,DEBUG,Current price for POPCATUSD: 0.1648,popcat_usd_buy_20251027_42,POPCATUSD,0.1648
2025-10-27T00:50:25.868877+00:00,DEBUG,Current price for TRUMPUSD: 6.28,trump_usd_sell_20251027_43,TRUMPUSD,6.28
2025-10-27T00:50:25.869116+00:00,DEBUG,Current price for TRUMPUSD: 6.28,trump_usd_buy_20251027_44,TRUMPUSD,6.28
2025-10-27T00:50:25.869424+00:00,DEBUG,Current price for ATHUSD: 0.03134,ath_usd_sell_20251027_45,ATHUSD,0.03134
2025-10-27T00:50:25.869700+00:00,DEBUG,Current price for ATHUSD: 0.03134,ath_usd_buy_20251027_46,ATHUSD,0.03134
2025-10-27T00:50:25.869965+00:00,DEBUG,Current price for NANOUSD: 0.709742,nano_usd_sell_20251027_47,NANOUSD,0.709742
2025-10-27T00:50:25.870201+00:00,DEBUG,Current price for NANOUSD: 0.709742,nano_usd_buy_20251027_48,NANOUSD,0.709742
2025-10-27T00:50:25.870435+00:00,DEBUG,Current price for RAYUSD: 1.947,ray_usd_buy_20251027_50,RAYUSD,1.947
2025-10-27T00:50:25.870665+00:00,DEBUG,Current price for RENDERUSD: 2.593,render_usd_sell_20251027_51,RENDERUSD,2.593
2025-10-27T00:50:25.870926+00:00,DEBUG,Current price for RENDERUSD: 2.593,render_usd_buy_20251027_52,RENDERUSD,2.593
2025-10-27T00:50:25.871161+00:00,DEBUG,Current price for SUPERUSD: 0.4276,super_usd_sell_20251027_53,SUPERUSD,0.4276
2025-10-27T00:50:25.871390+00:00,DEBUG,Current price for SUPERUSD: 0.4276,super_usd_buy_20251027_54,SUPERUSD,0.4276
2025-10-27T00:50:25.871622+00:00,DEBUG,Current price for WALUSD: 0.259,wal_usd_sell_20251027_55,WALUSD,0.259
2025-10-27T00:50:25.871907+00:00,DEBUG,Current price for WALUSD: 0.259,wal_usd_buy_20251027_56,WALUSD,0.259
2025-10-27T00:50:25.874306+00:00,DEBUG,Saved state for 80 configurations
2025-10-27T00:50:25.874570+00:00,DEBUG,Sleeping for 60 seconds (1s increments)
